file,offset,size_field,w,h,frames,end_sector,extent,real_end,next_ipum,field_18,hdr_zero,frames2,valid,note
FILE1.BIN,304279490,1835429990,29040,28798,1886417008,,,,,454959913,944198765,1330656823,0,frame count
FILE1.BIN,304286319,1835429990,29040,28798,1836085616,,,,,824791649,1667128930,1836150896,0,frame count
FILE2.BIN,0,1305126,320,240,131,697,1427456,1426688,1732608,11,0,131,1,
FILE2.BIN,1732608,1432401,320,240,104,757,1550336,1548912,3538944,8,0,104,1,
FILE2.BIN,3538944,2278210,320,224,275,1243,2545664,2544720,6529024,7,0,275,1,
FILE2.BIN,6529024,1021981,320,224,110,551,1128448,1127536,7815168,5,0,110,1,
FILE2.BIN,7815168,910684,320,224,98,490,1003520,1002592,8951808,6,0,98,1,
FILE2.BIN,8951808,1438517,320,224,155,778,1593344,1592416,11114496,6,0,155,1,
FILE2.BIN,11114496,973672,320,224,105,528,1081344,1080816,12378112,6,0,105,1,
FILE2.BIN,12378112,1037922,320,224,112,561,1148928,1148000,14342144,5,0,112,1,
FILE2.BIN,14342144,1494716,320,224,161,806,1650688,1649776,15992832,5,0,161,1,
FILE2.BIN,15992832,473739,320,224,85,281,575488,575072,16799744,6,0,85,1,
FILE2.BIN,16799744,2540059,320,224,280,1374,2813952,2812944,19943424,8,0,280,1,
FILE2.BIN,19943424,2647688,320,224,290,1431,2930688,2929680,23449600,8,0,290,1,
FILE2.BIN,23449600,2716745,320,224,300,1472,3014656,3013680,26802176,8,0,300,1,
FILE2.BIN,26802176,2295290,320,224,261,1243,2545664,2544752,29923328,8,0,261,1,
FILE2.BIN,29923328,2045872,320,224,245,1108,2269184,2268272,32497664,7,0,245,1,
FILE2.BIN,32497664,1241992,320,224,352,735,1505280,1504720,34002944,8,0,352,1,
FILE2.BIN,34002944,2849807,320,224,432,1617,3311616,3310640,37314560,8,0,432,1,
FILE2.BIN,37314560,2865341,320,224,752,1779,3643392,3642544,40957952,7,0,752,1,
FILE2.BIN,40957952,3419521,320,224,1184,2258,4624384,4623984,45582336,7,0,1184,1,
FILE2.BIN,45582336,3810092,320,224,624,2204,4513792,4512816,50096128,9,0,624,1,
FILE2.BIN,50096128,2419950,320,224,608,1426,2920448,2919888,53016576,6,0,608,1,
FILE2.BIN,53016576,2011653,320,224,432,1156,2367488,2366928,55384064,7,0,432,1,
FILE2.BIN,55384064,1057949,320,224,464,672,1376256,1375696,56760320,7,0,464,1,
FILE2.BIN,56760320,3036891,320,224,432,1748,3579904,3579104,60340224,11,0,432,1,
FILE2.BIN,60340224,1861557,320,224,336,1051,2152448,2151888,62492672,7,0,336,1,
FILE2.BIN,62492672,1603725,320,224,272,896,1835008,1834672,64327680,7,0,272,1,
FILE2.BIN,64327680,1992102,320,224,784,1372,2809856,2808880,67137536,7,0,784,1,
FILE2.BIN,67137536,4184868,320,224,1200,2648,5423104,5422128,72560640,6,0,1200,1,
FILE2.BIN,72560640,2852001,320,224,736,1705,3491840,3491280,76052480,7,0,736,1,
FILE2.BIN,76052480,1517205,320,224,624,1048,2146304,2145328,78198784,7,0,624,1,
FILE2.BIN,78198784,2978813,320,224,480,1648,3375104,3374544,81573888,8,0,480,1,
FILE2.BIN,81573888,2289078,320,224,384,1277,2615296,2614736,84187136,10,0,384,0,payload overlaps next valid movie
FILE2.BIN,84187136,1886438,320,224,352,1090,2232320,2231344,86419456,8,0,352,1,
FILE2.BIN,86419456,800520,320,224,400,589,1206272,1205296,87625728,8,0,400,1,
FILE2.BIN,87625728,1686720,320,224,1008,1310,2682880,2681904,90308608,7,0,1008,1,
FILE2.BIN,90308608,1882553,320,224,640,1121,2295808,2295248,92604416,11,0,640,1,
FILE2.BIN,92604416,2508153,320,224,464,1410,2887680,2887120,95492096,9,0,464,1,
FILE2.BIN,95492096,2482121,320,224,544,1410,2887680,2886608,98379776,9,0,544,1,
FILE2.BIN,98379776,2684108,320,224,752,1578,3231744,3231184,101611520,8,0,752,1,
FILE2.BIN,101611520,6149467,320,224,768,3377,6916096,6915600,108527616,7,0,768,1,
FILE2.BIN,108527616,2181153,320,224,432,1240,2539520,2538960,111067136,7,0,432,1,
FILE2.BIN,111067136,4927857,320,224,880,2799,5732352,5731792,116799488,7,0,880,1,
FILE2.BIN,116799488,1491681,320,224,560,1038,2125824,2124848,118925312,6,0,560,1,
FILE2.BIN,118925312,1308798,320,224,416,780,1597440,1596880,120522752,7,0,416,1,
FILE2.BIN,120522752,2727828,320,224,576,1558,3190784,3190224,123713536,8,0,576,1,
FILE2.BIN,123713536,2726633,320,224,528,1593,3262464,3261776,126976000,8,0,528,1,
FILE2.BIN,126976000,392734,320,224,300,339,694272,693296,127670272,7,0,300,1,
FILE2.BIN,127670272,3915874,320,224,880,2237,4581376,4579472,132251648,10,0,880,1,
FILE2.BIN,132251648,3139100,320,224,960,1998,4091904,4090928,136343552,5,0,960,1,
FILE2.BIN,136343552,2579629,320,224,416,1428,2924544,2923984,139268096,10,0,416,1,
FILE2.BIN,139268096,3541099,320,224,640,2042,4182016,4179968,143450112,8,0,640,1,
FILE2.BIN,143450112,5076636,320,224,848,2819,5773312,5772752,149223424,10,0,848,1,
FILE2.BIN,149223424,1207477,320,224,604,878,1798144,1797168,151021568,8,0,604,1,
FILE2.BIN,151021568,4541950,320,224,1024,2714,5558272,5557296,156579840,8,0,1024,1,
FILE2.BIN,156579840,555319,320,224,416,473,968704,967728,157548544,8,0,416,1,
FILE2.BIN,157548544,2518841,320,224,672,1491,3053568,3053008,160602112,11,0,672,1,
FILE2.BIN,160602112,3626621,320,224,736,2053,4204544,4203984,164806656,9,0,736,1,
FILE2.BIN,164806656,1415438,320,224,400,886,1814528,1813552,166621184,8,0,400,1,
FILE2.BIN,166621184,3471970,320,224,768,2008,4112384,4111840,170733568,7,0,768,1,
FILE2.BIN,170733568,3007990,320,224,448,1657,3393536,3392992,174127104,9,0,448,1,
FILE2.BIN,174127104,1581101,320,224,310,950,1945600,1944624,176072704,7,0,310,1,
FILE2.BIN,176072704,1994723,320,224,432,1195,2447360,2446384,178520064,7,0,432,1,
FILE2.BIN,178520064,2663529,320,224,720,1584,3244032,3243472,181764096,7,0,720,1,
FILE2.BIN,181764096,9525412,320,224,1264,5198,10645504,10644944,183476816,8,0,1264,1,
FILE2.BIN,183476816,709763486,62903,16848,3140980994,,,,,1342192751,763168966,2510303269,0,frame count
FILE2.BIN,192409600,1124638,320,224,230,684,1400832,1399856,193810432,6,0,230,1,
FILE2.BIN,193810432,2026701,320,224,624,1224,2506752,2506192,196317184,7,0,624,1,
FILE2.BIN,196317184,1900078,320,224,480,1111,2275328,2274768,198592512,7,0,480,1,
FILE2.BIN,198592512,4659446,320,224,1056,2827,5789696,5788720,204382208,9,0,1056,1,
FILE2.BIN,204382208,5393059,320,224,928,3046,6238208,6237648,210620416,7,0,928,1,
FILE2.BIN,210620416,4100927,320,224,736,2401,4917248,4916272,215537664,8,0,736,1,
FILE2.BIN,215537664,2119160,320,224,384,1204,2465792,2465232,218003456,7,0,384,1,
FILE2.BIN,218003456,3513777,320,224,560,1969,4032512,4031968,222035968,8,0,560,1,
FILE2.BIN,222035968,3128207,320,224,560,1746,3575808,3575248,225611776,9,0,560,1,
FILE2.BIN,225611776,2709463,320,224,464,1505,3082240,3081680,228694016,8,0,464,1,
FILE2.BIN,228694016,2801805,320,224,544,1586,3248128,3247872,231942144,7,0,544,1,
FILE2.BIN,231942144,871909,320,224,384,615,1259520,1258544,233201664,8,0,384,1,
FILE2.BIN,233201664,1294049,320,224,512,881,1804288,1803312,235005952,7,0,512,1,
FILE2.BIN,235005952,2164448,320,224,400,1285,2631680,2630704,237637632,8,0,400,1,
FILE2.BIN,237637632,4854754,320,224,768,2794,5722112,5721168,243359744,12,0,768,1,
FILE2.BIN,243359744,5829800,320,224,864,3248,6651904,6651344,250011648,8,0,864,1,
FILE2.BIN,250011648,3627146,320,224,576,2011,4118528,4117968,254130176,8,0,576,1,
FILE2.BIN,254130176,1402902,320,224,368,823,1685504,1684944,255815680,8,0,368,1,
FILE2.BIN,255815680,4310350,320,224,608,2370,4853760,4852624,260669440,7,0,608,1,
FILE2.BIN,260669440,6617762,320,224,912,3662,7499776,7499680,268169216,8,0,912,1,
FILE2.BIN,268169216,2880746,320,224,496,1635,3348480,3346912,271517696,8,0,496,1,
FILE2.BIN,271517696,6155490,320,224,928,3473,7112704,7111776,278630400,9,0,928,1,
FILE2.BIN,278630400,2427302,320,224,496,1375,2816000,2815440,280139257,7,0,496,1,
FILE2.BIN,280139257,3770289568,37515,3948,2936229998,,,,,121685240,2796557797,3596508056,0,frame count
FILE2.BIN,281446400,7219482,320,224,928,3961,8112128,8111568,289558528,8,0,928,1,
FILE2.BIN,289558528,3641574,320,224,880,2239,4585472,4584496,294144000,7,0,880,1,
FILE2.BIN,294144000,5897730,320,224,1088,3480,7127040,7126064,301271040,7,0,1088,1,
FILE2.BIN,301271040,6231253,320,224,944,3452,7069696,7069136,308340736,7,0,944,1,
FILE2.BIN,308340736,6221836,320,224,944,3448,7061504,7060944,315402240,8,0,944,1,
FILE2.BIN,315402240,3735634,320,224,720,2139,4380672,4380112,319782912,7,0,720,1,
FILE2.BIN,319782912,7807042,320,224,1120,4301,8808448,8807968,328591360,8,0,1120,1,
FILE2.BIN,328591360,3793178,320,224,672,2142,4386816,4386256,332978176,9,0,672,1,
FILE2.BIN,332978176,5380193,320,224,848,2974,6090752,6090192,339068928,7,0,848,1,
FILE2.BIN,339068928,10886400,320,224,1568,6022,12333056,12332512,351401984,8,0,1568,1,
FILE2.BIN,351401984,8487158,320,224,1152,4658,9539584,9537648,360941568,9,0,1152,1,
FILE2.BIN,360941568,8518578,320,224,1432,4989,10217472,10216496,371159040,9,0,1432,1,
FILE2.BIN,371159040,7377117,320,224,1008,4034,8261632,8261312,379420672,7,0,1008,1,
FILE2.BIN,379420672,4162988,320,224,784,2352,4816896,4816528,384237568,8,0,784,1,
FILE2.BIN,384237568,4238647,320,224,1056,2575,5273600,5272624,389511168,5,0,1056,1,
FILE2.BIN,389511168,7139479,320,224,1056,3937,8062976,8062416,397574144,10,0,1056,1,
FILE2.BIN,397574144,5270614,320,224,768,2911,5961728,5961168,403535872,8,0,768,1,
FILE2.BIN,403535872,8832909,320,224,1136,4819,9869312,9868800,413403136,7,0,1136,0,payload overlaps next valid movie
FILE2.BIN,413403136,5164630,320,224,1056,3068,6283264,6282288,419686400,9,0,1056,1,
FILE2.BIN,419686400,2291366,320,224,512,1371,2807808,2806832,422494208,8,0,512,1,
FILE2.BIN,422494208,463784,320,224,101,276,565248,564272,423059456,5,0,101,1,
FILE2.BIN,423059456,4785603,320,224,672,2646,5419008,5417952,428478464,6,0,672,1,
FILE2.BIN,428478464,3612788,320,224,560,2014,4124672,4124160,432603136,7,0,560,1,
FILE2.BIN,432603136,2039091,320,224,586,1258,2576384,2575408,435179520,7,0,586,1,
FILE2.BIN,435179520,1035987,320,224,160,607,1243136,1242160,436422656,6,0,160,1,
FILE2.BIN,436422656,2295725,320,224,512,1388,2842624,2841648,439265280,9,0,512,1,
FILE2.BIN,439265280,3091862,320,224,864,1936,3964928,3963600,443230208,6,0,864,1,
FILE2.BIN,443230208,5376439,320,224,992,3172,6496256,6495312,449726464,10,0,992,1,
FILE2.BIN,449726464,3284822,320,224,704,1857,3803136,3802576,453529600,9,0,704,1,
FILE2.BIN,453529600,2270184,320,224,608,1317,2697216,2696656,456226816,8,0,608,1,
FILE2.BIN,456226816,2850185,320,224,496,1594,3264512,3264112,459491328,9,0,496,1,
FILE2.BIN,459491328,2810983,320,224,1376,2062,4222976,4222000,463714304,7,0,1376,1,
FILE2.BIN,463714304,4601364,320,224,688,2664,5455872,5454896,469170176,7,0,688,1,
FILE2.BIN,469170176,3724858,320,224,592,2120,4341760,4340784,473511936,7,0,592,1,
FILE2.BIN,473511936,1356727,320,224,400,798,1634304,1633744,475146240,8,0,400,1,
FILE2.BIN,475146240,1275585,320,224,560,887,1816576,1815792,476962816,6,0,560,1,
FILE2.BIN,476962816,2236907,320,224,912,1588,3252224,3251248,480215040,8,0,912,1,
FILE2.BIN,480215040,2163107,320,224,400,1270,2600960,2600320,482816000,5,0,400,1,
FILE2.BIN,482816000,3667106,320,224,560,2038,4173824,4173312,486989824,7,0,560,1,
FILE2.BIN,486989824,926652,320,224,288,570,1167360,1166384,488157184,4,0,288,1,
FILE2.BIN,488157184,1345059,320,224,416,801,1640448,1639888,489797632,8,0,416,1,
FILE2.BIN,489797632,4609311,320,224,928,2755,5642240,5641264,495439872,8,0,928,1,
FILE2.BIN,495439872,3123482,320,224,589,1842,3772416,3771440,499212288,9,0,589,1,
FILE2.BIN,499212288,8378128,320,224,1152,4605,9431040,9430560,508643328,9,0,1152,1,
FILE2.BIN,508643328,1642733,320,224,672,1151,2357248,2356048,511000576,8,0,672,1,
FILE2.BIN,511000576,1306594,320,224,360,784,1605632,1604656,,3,0,360,1,
FILE3.BIN,204288000,69477052,640,448,1950,35128,71942144,71940208,279615488,32,0,1950,1,
FILE3.BIN,279615488,67232379,640,448,1800,34087,69810176,69808816,349657088,26,0,1800,1,
FILE3.BIN,349657088,24226563,640,448,763,12288,25165824,25164368,376131584,26,0,763,1,
FILE3.BIN,376131584,26515410,640,448,733,13439,27523072,27521632,404918272,31,0,733,1,
FILE3.BIN,404918272,23450479,640,448,653,11900,24371200,24369808,430405632,28,0,653,1,
FILE3.BIN,430405632,24544016,640,448,681,12453,25503744,25502320,457099264,26,0,681,1,
FILE3.BIN,457099264,30409499,640,448,1022,15474,31690752,31690432,490561536,27,0,1022,1,
FILE3.BIN,490561536,26890498,640,448,740,13644,27942912,27941456,519792640,27,0,740,1,
FILE3.BIN,519792640,22514888,640,448,668,11411,23369728,23368448,544327680,24,0,668,1,
FILE3.BIN,544327680,27887274,640,448,872,14240,29163520,29162080,575008768,27,0,872,1,
FILE3.BIN,575008768,32576879,640,448,971,16566,33927168,33925760,610527232,27,0,971,1,
FILE3.BIN,610527232,37201259,320,224,1821,19104,39124992,39124016,652251136,20,0,1821,1,
FILE3.BIN,652251136,19390869,640,448,573,9805,20080640,20079136,673349632,25,0,573,1,
FILE3.BIN,673349632,22608616,640,448,671,11449,23447552,23445664,697962496,30,0,671,1,
FILE3.BIN,697962496,28043398,640,448,805,14203,29087744,29086384,728395776,27,0,805,1,
FILE3.BIN,728395776,23124345,640,448,719,11739,24041472,24039984,753676288,27,0,719,1,
FILE3.BIN,753676288,23114512,640,448,649,11688,23937024,23935392,778778624,29,0,649,1,
FILE3.BIN,778778624,19733049,640,448,622,10019,20518912,20517488,800389120,28,0,622,1,
FILE3.BIN,800389120,33692826,640,448,918,17070,34959360,34957920,836890624,27,0,918,1,
FILE3.BIN,836890624,31234113,640,448,900,15853,32466944,32465456,870899712,28,0,900,1,
FILE3.BIN,870899712,22680491,640,448,625,11504,23560192,23558688,895526912,27,0,625,1,
FILE3.BIN,895526912,25269326,640,448,702,12821,26257408,26256000,922998784,27,0,702,1,
FILE3.BIN,922998784,37441344,320,224,1800,19223,39368704,39367728,967211008,12,0,1800,1,
FILE3.BIN,967211008,58359623,640,448,1798,29583,60585984,60584544,1033418752,18,0,1798,1,
FILE3.BIN,1033418752,41230242,640,448,1800,20896,42795008,42794880,1084162048,13,0,1800,1,
FILE3.BIN,1084162048,38413265,320,224,1918,19757,40462336,40460352,1124624384,11,0,1918,1,
FILE3.BIN,1124624384,1006446,640,448,60,529,1083392,1081552,1138436096,24,0,60,1,
FILE3.BIN,1138436096,104506716,640,448,3600,53736,110051328,110050592,1260754944,18,0,3600,1,
FILE3.BIN,1260754944,104506716,640,448,3600,53736,110051328,110050592,1381926912,18,0,3600,1,
FILE3.BIN,1381926912,104506716,640,448,3600,53736,110051328,110050592,1509595136,18,0,3600,1,
FILE3.BIN,1509595136,104506716,640,448,3600,53736,110051328,110050592,1636550656,18,0,3600,1,
FILE3.BIN,1636550656,104506716,640,448,3600,53736,110051328,110050592,1757591552,18,0,3600,1,
FILE3.BIN,1757591552,104506716,640,448,3600,53736,110051328,110050592,,18,0,3600,1,
